{ "PORT": "/dev/tnt0",
  "BAUDRATE": 9600,
  "FPS": 30,
  "HASH_KEY_LENGTH": 8,
  "CUSTOMER_INTERVAL_TICKS_MIN": 80,
  "CUSTOMER_INTERVAL_TICKS_MAX": 200,
  "COOK_WAIT_TICKS_MIN": 30,
  "COOK_WAIT_TICKS_MAX": 150,
  "INGREDIENT_INTERVAL_TICKS_MIN": 30,
  "INGREDIENT_INTERVAL_TICKS_MAX": 150,
  "CUSTOMER_PATIENCE_MIN": 20,
  "CUSTOMER_PATIENCE_MAX": 90,
  "CUSTOMER_PATIENCE_DECREMENT_PER_TICK": 0.1,
  "NUM_FOOD_JUDGES": 3,
  "FOOD_JUDGE_INTERVAL_TICKS_MIN": 500,
  "FOOD_JUDGE_INTERVAL_TICKS_MAX": 600,
  "TOTAL_TIME_MS": 90000,
  "ARRIVAL_TOLERANCE_MS": 5000,
  "SEED": 3362023,
  "LOG_LEVEL": "INFO",
  "LOG_VERY_VERBOSE": 1}